Wild type peptide,Mutant peptide,Immunogenic (1=yes),Wild type score,Mutant score
ALALARKGV,ALALAQKGV,0,0.3758,0.2967
ALARKGVQL,ALAQKGVQL,0,0.1808,0.1738
ALAKEFAEI,ALATEFAEI,0,0.3707,0.4443
ALCGQCVRT,ALCGQCVRI,0,0.327,0.5636
ALFLIFSFV,ALFLIFFFV,0,0.9141,0.9489
AVFTWTNLL,ALFTWTNLL,0,0.7611,0.8276
ALIDPSSGL,ALIDLSSGL,0,0.3193,0.4105
TLIGSSSHV,ALIGSSSHV,0,0.4743,0.4609
ALIHHNTHL,ALIHHNTYL,1,0.422,0.5876
ALLMCPLPL,ALLMCLLPL,0,0.5286,0.4552
ALPYFSEMV,ALLYFSEMV,0,0.5598,0.4892
ALMMSLPAL,ALMMSLSAL,0,0.3841,0.3888
ALNLQDFHM,ALNLQDFYM,0,0.2654,0.3445
ALQSRRQAL,ALQSRLQAL,1,0.2829,0.319
ALPAMMQWV,ALSAMMQWV,0,0.7911,0.6016
ALSPVIPLI,ALSPVIPHI,1,0.711,0.5707
ALSACTSHI,ALSTCTSHI,0,0.4661,0.4343
ALGTIWYEL,ALSTIWYEL,0,0.292,0.3105
ALTASPVPL,ALTASTVPL,0,0.3833,0.4188
ALVGAIPSI,ALVGAISSI,0,0.5216,0.5389
ALVVLQELV,ALVPLQWLV,0,0.3923,0.7657
ALYGSVPVL,ALYGFVPVL,0,0.5967,0.8467
AMLKVQEDI,AMFKVQEDI,0,0.1667,0.1918
AMGVAPWGV,AMGVALWGV,0,0.6482,0.6742
AQSKGAWIL,AQFKGAWIL,0,0.2347,0.3939
AGDNFVRFV,AVDNFVRFV,0,0.5081,0.7353
AVGSHVYSV,AVGSYVYSV,1,0.6158,0.672
AVVLALVLL,AVLLALVLL,0,0.6854,0.6906
AVWEYQKPI,AVWEYQKPV,0,0.5809,0.5803
CLSAKLIAI,CLFAKLIAI,0,0.7213,0.8579
CLFLGIYTV,CLFLEIYTV,0,0.5516,0.7148
CVLMLLIPL,CLLMLLIPL,0,0.5496,0.5696
CMQANPHYA,CMQANSHYA,0,0.3538,0.392
IALDRYYSV,FALDRYYSV,0,0.4693,0.4781
SALGNVISA,FALGNVISA,0,0.4696,0.4722
FIDSHTPPL,FIDFHTPPL,0,0.5088,0.4736
IIGPLMDAL,FIGPLMDAL,0,0.42,0.369
FIIPRETLV,FIISRETLV,0,0.5854,0.7263
SILDAVQRV,FILDAVQRV,0,0.299,0.3214
FILEIINAV,FILEIINAL,0,0.5896,0.5092
SIVEALTLL,FIVEALTLL,0,0.5474,0.4741
FLATSGVPV,FLATLGVPV,0,0.194,0.4737
FPEEMATYL,FLEEMATYL,0,0.3468,0.5219
FLGIYTVTV,FLEIYTVTV,0,0.6727,0.7089
FSFAISVTT,FLFAISVTT,0,0.5648,0.6064
FLFAAVVAW,FLFDAVVAW,0,0.8013,0.6033
FLFLFFVLF,FLFFCFVLF,0,0.7498,0.6942
FLFHTSLPI,FLFHTFLPI,0,0.6234,0.7718
FLFILIQLV,FLFIVIQLV,0,0.6897,0.6427
FLGLGLSGI,FLFLGLSGI,0,0.3505,0.3986
FSFSGVNRL,FLFSGVNRL,0,0.226,0.2538
FLGLTPVGV,FLGLTLVGV,0,0.4535,0.4787
LLIAFGHRV,FLIAFGHRV,0,0.7858,0.8894
FLIPIVNIS,FLIPIVFIS,0,0.4065,0.71
FLTYLDVSV,FLIYLDVSV,1,0.5495,0.5194
FLLALHDSV,FLLALYDSV,0,0.3862,0.3703
FLQGKTSSV,FLLGKTSSV,0,0.5321,0.5302
SLLILFAEI,FLLILFAEI,0,0.6215,0.6876
FLLLVVAMI,FLLLVAAMI,0,0.8906,0.898
FLLQYPEVA,FLLQYSEVA,0,0.2891,0.3384
FPLTSIIAI,FLLTSIIAI,0,0.4956,0.6689
FLLYNLGSV,FLLYNLGLV,0,0.3326,0.4448
FLMASISSS,FLMASISSF,0,0.2989,0.4127
FVNDIFERI,FLNDIFERI,0,0.3934,0.2803
FLNEIPPFV,FLNEIPLFV,0,0.6101,0.6318
FLNMELLVE,FLNMELLVV,0,0.1104,0.5908
FLNSCFSCI,FLNSCFFCI,0,0.6123,0.812
SLPAYLNSL,FLPAYLNSL,0,0.4679,0.4521
FLQSRGNEV,FLQFRGNEV,0,0.1821,0.1752
FLQEYTVKL,FLQKYTVKL,0,0.4616,0.5449
SLQPHMIGA,FLQPHMIGA,0,0.4679,0.4951
FLRQRVAFL,FLSQRVAFL,0,0.6543,0.4684
SLVCVVPDV,FLVCVVPDV,0,0.3388,0.3395
SMPDFDLHL,FMPDFDLHL,1,0.5084,0.5321
FMSFQSYFL,FMSFQSYLL,0,0.3238,0.4998
FMSSHIKSV,FMSSHMKSV,0,0.3429,0.2844
FMSTWFLLV,FMSTRFLLV,0,0.7952,0.5404
SQLNQSFEI,FQLNQSFEI,0,0.2137,0.162
FRNYKQVPV,FQNYKQVPV,0,0.2078,0.1113
FQPSFPHLV,FQPSFSHLV,0,0.6626,0.6989
FSFPLDFLV,FSFSLDFLV,0,0.8369,0.7487
FPGEYIPTV,FSGEYIPTV,0,0.2721,0.268
FTLVGVWLV,FTLVEVWLV,0,0.853,0.9124
GNILDVPEI,GIILDVPEI,0,0.1748,0.3885
GLDLSTCPI,GLDLSTFPI,0,0.3343,0.5155
GLEFQISNV,GLEFQIFNV,0,0.2496,0.3714
GSFGDIYLA,GLFGDIYLA,0,0.532,0.5876
GLLHGCIHA,GLLHGCIYA,0,0.3215,0.3098
GLMSMMIPL,GLMFMMIPL,0,0.5763,0.4947
GLMKDIVGA,GLMKDIVEA,0,0.3836,0.2369
GLDETIAKL,GLNETIAKL,0,0.4291,0.3713
GPPHAFFLV,GLPHAFFLV,0,0.562,0.8262
GLSWLCSPL,GLSWLPPPL,0,0.2711,0.3989
GLVDEQQKV,GLVDEQQEV,0,0.2453,0.2155
GSVEALHEV,GLVEALHEV,0,0.2263,0.2418
GMTPCLLAL,GMPPCLLAL,0,0.4573,0.5823
GSLDVPMAV,GSLDVLMAV,0,0.5865,0.5564
GVINAAFML,GVINAEFML,0,0.733,0.427
GVINSFVHV,GVISSFVHV,0,0.4761,0.5467
GVWALPGPI,GVWALPDPI,0,0.8922,0.7799
RLFCVFYGL,HLFCVFYGL,0,0.6868,0.6907
NLMDGDLGL,HLMDGDLGL,0,0.2813,0.2949
HLTCLLLWV,HLTCLLLWV,0,0.8988,0.8698
NILDVPEIV,IILDVPEIV,0,0.3738,0.5117
IINAVPFII,IINALPFII,0,0.9607,0.9113
IINRTPGSL,IINRTPWSL,0,0.3241,0.7824
IWAALFLGL,ILAALFLGL,1,0.8045,0.742
ILAFVGAAV,ILAFVAAAV,0,0.6994,0.7996
ILGVCSSGL,ILDVCSSGL,0,0.2633,0.3192
HLFLFFLFV,ILFLFFCFV,0,0.9421,0.9313
ILFLIISSV,ILFLIISYV,0,0.8074,0.9176
IPGNALPLV,ILGNALPLV,0,0.3838,0.4848
ILILYLLTI,ILILYLLSI,0,0.7823,0.8146
IPIPSTGSV,ILIPSTGSV,0,0.3149,0.4138
ILSDELKPA,ILLDELKPA,0,0.2644,0.2943
TLLDSTWNL,ILLDSTWNL,0,0.3389,0.3303
ILLSFENHV,ILLLFENHV,0,0.3937,0.406
ILLMTVISI,ILLMTVTSI,0,0.8728,0.728
ILPTCEPTV,ILLTCEPTV,0,0.4082,0.3831
ILLTLVAIL,ILLTLVANL,0,0.8558,0.5427
ILMEHIHKL,ILMEHSHKL,0,0.4951,0.4493
ILNAMITKI,ILNAMIAKI,1,0.7058,0.8008
ILSTLPYTM,ILSTLPYTI,0,0.3923,0.6792
ILTGLNYEA,ILTGLNYEV,1,0.3283,0.4019
ILDEAYVMA,ILYEAYVMA,0,0.3233,0.4323
IMAPANSFV,IMAPANFFV,0,0.2752,0.4686
KAFESGIPV,KAFELGIPV,0,0.2868,0.5189
KINLSLSAL,KINLSLFAL,0,0.3831,0.628
KSFEQFSKL,KLFEQFSKL,0,0.2269,0.288
KSFSQIYSL,KLFSQIYSL,0,0.3882,0.4635
KLIFHRHPV,KLIFHRHSV,0,0.442,0.4667
KLVMSQANV,KLLMSQANV,0,0.1876,0.1756
KLLPTNTDI,KLLPTNTNI,0,0.2456,0.2568
KLMDGTSQA,KLMDGTSQV,0,0.16,0.1882
KSMNQAICI,KLMNQAICI,0,0.3231,0.6106
KLNKYHDWL,KLNKYYDWL,0,0.3887,0.363
KLQPLSPVP,KLQPLSPVV,0,0.4297,0.5229
ELQQLLFSV,KLQQLLFSV,0,0.4662,0.5825
KLSHQPVLL,KLSHQLVLL,1,0.326,0.4243
ELYALNENI,KLYALNENI,0,0.2518,0.2515
EMAESLLQV,KMAESLLQV,0,0.1446,0.1489
KMTFLFANL,KMTFLFPNL,0,0.1623,0.1546
KQHFINQAV,KQQFINQAV,0,0.175,0.2076
KVWCCQILL,KVCCCQILL,1,0.7112,0.4765
KIDFTEFLL,KVDFTEFLL,0,0.6266,0.44
KVDIFSLGL,KVDIFFLGL,0,0.651,0.845
KVFSWSSYL,KVFSCSSYL,0,0.8069,0.4386
LIIPCIHLI,LIIPFIHLI,1,0.8408,0.9714
LIISSVASL,LIISYVASL,0,0.6066,0.8382
LLAKRQVAL,LLAKREVAL,0,0.3502,0.3356
VLALVLLLL,LLALVLLLL,0,0.7384,0.6102
LLAWMIPDV,LLAWMIPNV,0,0.2443,0.3214
LLCTDPGFV,LLCADPGFV,0,0.4042,0.5345
LLDSLPMDA,LLDSLPMDV,0,0.2896,0.3945
LLFGMTPCL,LLFGMPPCL,1,0.6892,0.6925
LLFSITGFL,LLFSETGFL,0,0.7842,0.5672
LLGVKLSGV,LLGVKLFGV,0,0.3722,0.6976
LLHMGQPDL,LLHMCQPDL,0,0.1607,0.1557
LLIHCQAGV,LLIYCQAGV,0,0.5139,0.4411
PLKDCIFDL,LLKDCIFDL,0,0.4668,0.2282
LLLAGAPAA,LLLAGVPAA,0,0.4431,0.4312
LLLAVTPWV,LLLAVTSWV,0,0.8864,0.8218
LLLSFSVWI,LLLFFSVWI,0,0.8896,0.8888
LLLQVLFRL,LLLQVLFWL,0,0.5053,0.7825
LLLSARVYA,LLLSARFYA,0,0.386,0.467
LPLSEHWAL,LLLSEHWAL,0,0.6164,0.7899
LLLPISLLI,LLLSISLLI,0,0.84,0.7886
SLMPSLENL,LLMPSLENL,0,0.1968,0.1726
LLRVHTEQV,LLRVHTEHV,0,0.2977,0.3663
LLSIDLFHV,LLSIDLFYV,0,0.4528,0.5088
LLSPLGAEV,LLSPLGAEI,0,0.271,0.3955
LLTTIYIFL,LLTTIYFFL,0,0.5459,0.5996
LPVAAEPYL,LLVAAEPYL,0,0.3337,0.3542
LLVLGQQPV,LLVLCQQPV,0,0.1897,0.2319
LLVLWALCV,LLVLWAFCV,0,0.9402,0.9442
PLVVKFCNV,LLVVKFCNV,0,0.6398,0.4052
LMASISSSL,LMASISSFL,0,0.2946,0.4939
LMFAISFLT,LMFAIFFLT,0,0.8186,0.7299
LPALLLQHV,LQALLLQHV,0,0.2865,0.1817
LFFGCVFWL,LVFGCVFWL,0,0.8843,0.9371
LVIGRIFHI,LVIGRIFYI,0,0.8456,0.8632
MLCAGNPEV,MLCAENPEV,0,0.1817,0.2646
MLFLRFRYI,MLFLRFCYI,0,0.5035,0.7513
MLWGSSTQL,MLWGSLTQL,0,0.4621,0.4508
MLYVVPRPG,MLYVVPWPG,0,0.3136,0.817
MLNPLIYSL,MMNPLIYSL,0,0.5063,0.4267
NLFFVFYML,NLIFVFYML,0,0.6316,0.6844
NLLRILNKL,NLLRILYKL,0,0.3219,0.4372
NLNRCSVPV,NLNCCSVPV,1,0.3039,0.4383
NLQDFHMHL,NLQDFYMHL,0,0.4529,0.4625
NLYRVHFPV,NLYRVYFPV,0,0.6012,0.5676
HLFEDAYLL,QLFEDAYLL,0,0.5759,0.4606
QLLARLTGV,QLLAKLTGV,0,0.603,0.619
QLMQLIGPA,QLMQLIEPA,0,0.3692,0.2124
QLSLGIIPV,QLSLGIILV,0,0.2749,0.4702
QQFAVGSHV,QQFAVGSYV,1,0.2171,0.2569
QQQEATPPA,QQQEATPPV,0,0.1282,0.132
RIFLLIQSV,RIFLLIQFV,0,0.5903,0.7998
RLFFENHPA,RLFFENPPA,0,0.3148,0.3155
RRFHELEAI,RLFHELEAI,0,0.2041,0.3334
RLGEHNIEV,RLGEHNIEV,0,0.1151,0.1299
RLRWWQPFV,RLGTWMPFV,0,0.7684,0.7526
RLLEEVEEL,RLLEEVEEL,0,0.1703,0.1506
RLMFAISFL,RLMFAIFFL,0,0.3621,0.6103
RRQALGPEA,RLQALGPEA,0,0.1048,0.2392
RLQASPFRL,RLQASLFRL,0,0.3171,0.4185
RMFPTPPSL,RMFSTPPSL,0,0.3014,0.2391
RMLDKNPES,RMLDKNPEV,0,0.1076,0.1612
RMTRYLESW,RMTRYLESL,0,0.2276,0.1849
SIPAFLYFL,SISAFLYFL,0,0.9508,0.8992
SIWGFSGNA,SIWGFSGNV,0,0.7292,0.8002
SLAAGVWGL,SLAACVWGL,0,0.6852,0.86
SLAPLSPRA,SLAPLSPRV,0,0.3759,0.4416
SLDPTTSPV,SLDLTTSPV,0,0.3583,0.4383
SLEEKDQYI,SLEEKDHYI,0,0.2459,0.5079
SLFGFSFNA,SLFRFSFNA,0,0.6622,0.5666
SPFRLVPNV,SLFRLVPNV,0,0.2853,0.4642
SLFTANSHL,SLFTANFHL,0,0.3249,0.45
SLGTFVSYL,SLGTFVFYL,0,0.6939,0.852
SLIHSTAQI,SLIHYTAQI,0,0.4269,0.4976
SLILVENPV,SLILLENPV,0,0.3323,0.3508
SLISEQWVV,SLISEQWVV,0,0.7352,0.7525
SLLALASLA,SLLALASLV,0,0.8077,0.8392
SLLALVHVV,SLLALVHVV,0,0.9046,0.9036
SPLMNIEVV,SLLMNIEVV,0,0.225,0.2937
SSLSLLYAL,SLLSLLYAL,0,0.6533,0.7525
SLMEPWALG,SLMEHWALG,0,0.4658,0.4693
SLSELRRLV,SLSELQRLV,0,0.4683,0.3391
SLPIGSAEV,SLSIGSAEV,0,0.2631,0.1878
SSSSVTLLL,SLSSVTLLL,0,0.592,0.6955
SLSTSSSSV,SLSTSLSSV,0,0.282,0.2808
SVSINTFPV,SMSINTFPV,0,0.4974,0.4131
SQVYLIVQV,SQVYLILQV,0,0.1552,0.1799
STASDFLAV,STAFDFLAV,0,0.4348,0.4282
ATMSFGILL,STMSFGILL,0,0.8575,0.8305
SVVDVFSQL,SVVDVFFQL,0,0.2817,0.3294
TLAYPFQSL,TLAYSFQSL,0,0.2106,0.2077
TLFPLPFLI,TLFPLPFFI,0,0.9448,0.9408
TLFTPSYGV,TLFTLSYGV,0,0.6731,0.801
TLLGLSLQV,TLLSLSLQV,0,0.6191,0.5768
TLSDVLSRL,TLSDVLFRL,0,0.2833,0.3862
TPWCSPIKV,TLWCSPIKV,1,0.6439,0.7514
TTDDDNLEL,TMDDDNLEL,0,0.1665,0.1782
TQFRCAVAL,TQFWCAVAL,0,0.2199,0.3241
TVQDLQGEV,TVQDLQVEV,0,0.3024,0.319
VILSYTYII,VIFSYTYII,0,0.9453,0.9538
VILELLTPL,VILELLTPL,0,0.5414,0.585
VLAFLVHEL,VLAFFVHEL,0,0.3792,0.5397
VLGSGAFGT,VLASGAFGT,0,0.2995,0.3037
VSDEDFSAL,VLDEDFSAL,0,0.2954,0.317
VLDRESPFV,VLDREFPFV,0,0.3878,0.4496
VLSQTHTNV,VLFQTHTNV,0,0.2346,0.3575
VLFRLITFV,VLFWLITFV,0,0.8605,0.9538
VVLALVLLL,VLLALVLLL,0,0.93,0.8995
VLLLLLLGV,VLLLLLAGV,0,0.8212,0.803
VLLWEIFSL,VLLWEIFFL,0,0.7764,0.8811
VLMGHVAAV,VLMGYVAAV,0,0.7986,0.8569
VPSDNVVMV,VLSDNVVMV,0,0.4443,0.5088
VLWALCVGL,VLWAFCVGL,0,0.9018,0.9278
VLYGVTPSL,VLYGVTLSL,0,0.551,0.6486
VMDPIDVKI,VMDSIDVKI,0,0.3902,0.4982
VMKFKNPPV,VMKFKNPLV,0,0.4579,0.585
VMLKYLFPL,VMLKYLFSL,0,0.6563,0.6701
VTFELTGET,VTFELTWET,0,0.164,0.3149
VTMSWKVRV,VTMSWKERV,0,0.8737,0.4645
VTNSGKFLI,VTYSGKFLI,0,0.6287,0.7194
VVLSWAPPV,VVMSWAPPV,1,0.8745,0.8226
WLIDMESLV,WLIDMKSLV,0,0.5532,0.6106
RLITFVLNA,WLITFVLNA,0,0.5955,0.7112
WLMPPTIPL,WLMPLTIPL,0,0.3247,0.4767
WMAGFLIAV,WMAEFLIAV,0,0.8197,0.5771
WMSDSGTGL,WMSDSGTRL,0,0.2031,0.1584
HIVENDLYI,YIVENDLYI,0,0.401,0.4455
YIVSNRMVV,YIVSNCMVV,0,0.7089,0.7947
YLDELIKNT,YLDELIRNT,0,0.1556,0.1656
YLDNRFFTL,YLDNRFFTL,0,0.6506,0.5967
YLDHIKHPM,YLDYIKHPM,0,0.3352,0.3749
YPLDFTFVC,YLLDFTFVC,0,0.6749,0.8338
YLLHENCML,YLLHKNCML,0,0.4553,0.603
HLLLWLSPI,YLLLWLSPI,0,0.8123,0.7621
YFLQKTMPV,YLLQKTMPV,0,0.5735,0.5359
YLLTILGNT,YLLSILGNT,0,0.2091,0.2383
FLMKGPNKI,YLMKGPNKI,0,0.2943,0.2468
YLQEKSCMA,YLQEKTCMA,0,0.516,0.431
YLRSVPAVV,YLRSVPAGV,0,0.8157,0.8155
YLSPSMIVI,YLSPFMIVI,0,0.3994,0.7314
YLVDSVAKT,YLVDSVAKM,0,0.2525,0.3152
YLVLFFYPL,YLVLFFYLL,0,0.6334,0.7952
YLVSFFEGL,YLVSFFEGI,0,0.3672,0.4126
YTAPHPHPA,YTAPYPHPA,0,0.2557,0.3183
YTPEHAASV,YTSEHAASV,0,0.5825,0.3155